nome,porcentagem_desconto,preço,tipo
DEVIL MAY CRY 5 + VERGIL,-67%,"R$ 29,69",Padrão
Batman: Arkham Origins - Season Pass,-85%,"R$ 5,54",DLC
Street Fighter 6 - Deluxe Edition,-12%,"R$ 318,55",Pré-Venda
Mortal Kombat 11 Ultimate,-80%,"R$ 55,99",Padrão
Xbox - Cartão Presente Digital 20 Reais,0,"R$ 20,00",Padrão
Back 4 Blood,-85%,"R$ 41,99",Padrão
Bully Scholarship Edition,0,"R$ 39,99",Padrão
Tom Clancy's The Division 2 - Warlords of New York Expansion,-85%,"R$ 13,49",DLC
Mortal Kombat 1 - Premium Edition,-14%,"R$ 386,90",Pré-Venda
Xbox - Cartão Presente Digital 70 Reais,0,"R$ 70,00",Padrão
LEGO BATMAN 3: Beyond Gotham - Premium Edition,-94%,"R$ 8,00",Padrão
Euro Truck Simulator,0,"R$ 10,49",Padrão
Devil May Cry HD Collection,-67%,"R$ 23,09",Padrão
Castlevania: Lords of Shadow 2 - Revelations,0,"R$ 15,99",DLC
Tom Clancy's The Division 2 - Warlords of New York Edition,-85%,"R$ 26,99",Padrão
The Evil Within 2,-80%,"R$ 31,00",Padrão
Batman: Arkham Knight - Premium Edition,-90%,"R$ 17,99",Padrão
Rain World,0,"R$ 73,99",Padrão
Devil May Cry 4: Edição Especial,-70%,"R$ 14,99",Padrão
Middle-earth: Shadow of War - The Blade of Galadriel Story Expansion,-82%,"R$ 8,09",DLC
Dragon's Dogma: Dark Arisen,-85%,"R$ 10,79",Padrão
Street Fighter 6,-12%,"R$ 219,11",Pré-Venda
RESIDENT EVIL 2 / BIOHAZARD RE:2 - DELUXE EDITION,-75%,"R$ 27,49",Padrão
F.E.A.R. 3,-94%,"R$ 4,50",Padrão
RESIDENT EVIL 7 biohazard Gold Edition,-74%,"R$ 22,64",Padrão
Mortal Kombat X,-90%,"R$ 8,99",Padrão
Castlevania: Lords of Shadow - Ultimate Edition,0,"R$ 49,99",Padrão
Mortal Kombat 11,-90%,"R$ 22,99",Padrão
LEGO Marvel Vingadores Deluxe Edition,-94%,"R$ 6,50",Padrão
Mortal Kombat 11 Kombat Pack 1,-90%,"R$ 5,99",DLC
LEGO Harry Potter Years 5-7,-90%,"R$ 8,99",Padrão
LEGO Batman,-94%,"R$ 4,50",Padrão
Batman: Arkham Knight,-90%,"R$ 8,99",Padrão
Tom Clancy’s Rainbow Six - SIEGE - Standard Edition,-60%,"R$ 23,99",Padrão
Xbox Game Pass Ultimate - 1 Mês,0,"R$ 44,99",Padrão
Middle-earth: Shadow of War - Expansion Pass,-94%,"R$ 3,50",DLC
LEGO Batman 2: DC Super Heroes,-94%,"R$ 4,50",Padrão
Blasphemous,0,"R$ 59,90",Padrão
Riot Points - Gift Card Digital 50 Reais,0,"R$ 50,00",Padrão
DOOM II,-60%,"R$ 3,59",Padrão
V Rising,-20%,"R$ 30,39",Padrão
Subnautica: Below Zero,-40%,"R$ 34,79",Padrão
Subnautica,0,Indisponivel,Padrão
Heroes of Might & Magic III HD Edition,-75%,"R$ 11,24",Padrão
V Rising - Dracula's Relics Pack,-20%,"R$ 16,55",DLC
Mad Max,-94%,"R$ 4,50",Padrão
LEGO Harry Potter: Years 1- 4,-94%,"R$ 4,50",Padrão
Sid Meier’s Civilization V: The Complete Edition,0,"R$ 99,99",Padrão
Middle-earth: Shadow of Mordor - Game of the Year Edition,-94%,"R$ 4,50",Padrão
LEGO The Lord of the Rings,-94%,"R$ 4,50",Padrão
Middle-earth: Shadow of War,-95%,"R$ 11,49",Padrão
Metal Gear Solid V: Ground Zeroes,0,"R$ 36,99",Padrão
Batman Arkham Collection,-90%,"R$ 27,99",Padrão
LEGO Marvel Super Heroes,-94%,"R$ 4,50",Padrão
LEGO Marvel Super Heroes 2: Deluxe Edition,-94%,"R$ 8,00",Padrão
Silent Hill Homecoming,0,"R$ 34,99",Padrão
Mortal Kombat XL,-90%,"R$ 12,99",Pacote
Euro Truck Simulator 2,0,"R$ 39,99",Padrão
Horizon Zero Dawn Complete Edition,-70%,"R$ 59,90",Padrão
DOOM,-75%,"R$ 15,37",Padrão
LEGO DC Super-Villains,-94%,"R$ 9,00",Padrão
Sid Meier’s Civilization VI - Platinum Edition,0,"R$ 161,20",Padrão
Tennis Manager 2023,-18%,"R$ 69,99",Padrão
DmC: Devil May Cry,-75%,"R$ 14,99",Padrão
Monster Hunter World: Iceborne,-55%,"R$ 39,99",DLC
Euro Truck Simulator 2 - Italia,0,"R$ 44,99",DLC
Mortal Kombat X - Kombat Pack 2,-85%,"R$ 5,23",DLC
Mortal Kombat X - Kombat Pack,-85%,"R$ 3,73",DLC
Resident Evil 6,-75%,"R$ 21,24",Padrão
Batman Arkham City - Game of the Year Edition,-85%,"R$ 13,49",Padrão
Prince of Persia: The Forgotten Sands,-80%,"R$ 5,99",Padrão
Euro Truck Simulator 2 - Vive la France,0,"R$ 44,99",DLC
Euro Truck Simulator 2 - High Power Cargo Pack,0,"R$ 10,49",DLC
Valhalla Hills,0,"R$ 14,99",Padrão
NARUTO SHIPPUDEN: Ultimate Ninja STORM Legacy,-75%,"R$ 54,49",Padrão
Wolfenstein: The New Order,-75%,"R$ 12,49",Padrão
Prince of Persia,-80%,"R$ 5,99",Padrão
Euro Truck Simulator 2 - Going East!,0,"R$ 24,99",DLC
The Survivalists - Deluxe Edition,0,"R$ 74,99",Padrão
Mortal Kombat 1,-14%,"R$ 240,69",Pré-Venda
The Elder Scrolls V Skyrim: Special Edition,-75%,"R$ 37,25",Padrão
Scribblenauts Unmasked: A DC Comics Adventures,-90%,"R$ 3,69",Padrão
Riot Points - Gift Card Digital 20 Reais,0,"R$ 20,00",Padrão
LEGO Jurassic World,-90%,"R$ 8,99",Padrão
RESIDENT EVIL 3,-75%,"R$ 32,49",Padrão
Crunchyroll Fan - 1 mês,0,"R$ 14,99",Padrão
Assassin's Creed Valhalla,-75%,"R$ 49,99",Padrão
Far Cry 4,-80%,"R$ 17,99",Padrão
Xbox - Cartão Presente Digital 50 Reais,0,"R$ 50,00",Padrão
Resident Evil 0,-75%,"R$ 9,99",Padrão
Katana ZERO,0,"R$ 28,99",Padrão
Riot Points - Gift Card Digital 100 Reais,0,"R$ 100,00",Padrão
Xbox - Cartão Presente Digital 10 Reais,0,"R$ 10,00",Padrão
Minecraft: Java and Bedrock Edition,0,"R$ 129,00",Padrão
The LEGO Ninjago Movie Video Game,-94%,"R$ 4,50",Padrão
Fallout 4,-67%,"R$ 19,79",Padrão
Ultra Street Fighter IV,-87%,"R$ 7,79",Padrão
Xbox - Cartão Presente Digital 40 Reais,0,"R$ 40,00",Padrão
DOOM (1993),-60%,"R$ 3,59",Padrão
Crunchyroll Mega Fan - 1 mês,0,"R$ 19,99",Padrão
Xbox - Cartão Presente Digital 60 Reais,0,"R$ 60,00",Padrão
Elden Ring,-11%,"R$ 220,99",Padrão
NARUTO SHIPPUDEN: Ultimate Ninja STORM 4 - Road to Boruto,-77%,"R$ 28,09",Padrão
Titan Souls Collector's Edition,0,"R$ 59,99",Padrão
171,0,"R$ 59,99",Padrão
Naruto Shippuden: Ultimate Ninja Storm 4,-80%,"R$ 19,40",Padrão
LEGO City Undercover,-90%,"R$ 8,99",Padrão
Resident Evil Revelations,-77%,"R$ 13,79",Padrão
LEGO Batman 3: Beyond Gotham Season Pass,-90%,"R$ 2,79",DLC
Euro Truck Simulator 2 - Brazilian Paint Jobs Pack,0,"R$ 2,49",DLC
The LEGO Movie - Videogame,-94%,"R$ 4,50",Padrão
MONSTER HUNTER: WORLD,-50%,"R$ 34,99",Padrão
Naruto Shippuden: Ultimate Ninja STORM Revolution,-85%,"R$ 8,39",Padrão
Castlevania: Lords of Shadow 2 - Relic Rune Pack,0,"R$ 2,19",DLC
Castlevania: Lords of Shadow 2 - Dark Dracula Costume,0,"R$ 2,19",DLC
Xbox - Cartão Presente Digital 15 Reais,0,"R$ 15,00",Padrão
Prince of Persia: The Sands of Time,-80%,"R$ 5,99",Padrão
UNO,-60%,"R$ 11,99",Padrão
Prince of Persia: The Two Thrones,-80%,"R$ 5,99",Padrão
Back 4 Blood Ultimate,-85%,"R$ 68,99",Padrão
Prince of Persia: Warrior Within,-80%,"R$ 5,99",Padrão
Mortal Kombat 11 Kombat Pack 2,-75%,"R$ 14,99",DLC
Castlevania: Lords of Shadow 2 - Armored Dracula Costume,0,"R$ 2,19",DLC
Street Fighter 6 - Ultimate Edition,-12%,"R$ 393,35",Pré-Venda
BioShock: The Collection,-80%,"R$ 23,80",Padrão
TEKKEN 7,-85%,"R$ 19,48",Padrão
Monster Hunter World: Iceborne Master Edition,-53%,"R$ 59,99",Padrão
Days Gone,0,"R$ 199,90",Padrão
LEGO MARVEL's Avengers Season Pass,-95%,"R$ 1,49",DLC
Tom Clancy's Ghost Recon - Wildlands,-80%,"R$ 29,99",Padrão
DRAGON BALL Z: KAKAROT,-75%,"R$ 39,97",Padrão
Far Cry 3,-70%,"R$ 17,99",Padrão
Mortal Kombat 11 - Aftermath,-80%,"R$ 25,99",DLC
Overcooked! 2,0,"R$ 59,90",Padrão
Assassin's Creed: Odyssey,-80%,"R$ 35,99",Padrão
Decay - The Mare,0,"R$ 10,49",Padrão
Devil May Cry 3 - Special Edition,-75%,"R$ 9,99",Padrão
Above Snakes,-10%,"R$ 66,59",Padrão
Injustice: Gods Among Us Ultimate Edition,-80%,"R$ 17,99",Padrão
The LEGO Movie 2 Videogame,-94%,"R$ 6,50",Padrão
The Evil Within,-75%,"R$ 12,49",Padrão
Xbox - Cartão Presente Digital 100 Reais,0,"R$ 100,00",Padrão
RESIDENT EVIL 2 / BIOHAZARD RE:2,-75%,"R$ 22,49",Padrão
LEGO DC Super-Villains - Deluxe Edition,-94%,"R$ 12,75",Padrão
F.E.A.R. 2: Project Origin,-94%,"R$ 3,50",Padrão
Scribblenauts Unlimited,-94%,"R$ 4,50",Padrão
Castlevania: Lord of Shadows - Mirror of Fate HD,0,"R$ 27,99",Padrão
Resident Evil HD REMASTER,-75%,"R$ 9,99",Padrão
METAL GEAR SOLID V: The Definitive Experience,0,"R$ 98,99",Padrão
Castlevania: Lords of Shadow 2,0,"R$ 72,99",Padrão
Batman Arkham Origins,-85%,"R$ 13,49",Padrão
LEGO Star Wars: The Force Awakens - Deluxe Edition,-94%,"R$ 6,50",Pacote
Resident Evil 4 (2005),-75%,"R$ 9,99",Padrão
LEGO Star Wars: The Force Awakens,-94%,"R$ 4,50",Padrão
Xbox - Cartão Presente Digital 5 Reais,0,"R$ 5,00",Padrão
Xbox - Cartão Presente Digital 200 Reais,0,"R$ 200,00",Padrão
LEGO Batman 3: Beyond Gotham,-94%,"R$ 4,50",Padrão
Xbox - Cartão Presente Digital 25 Reais,0,"R$ 25,00",Padrão
Tom Clancy's The Division 2,-85%,"R$ 13,49",Padrão
LEGO Marvel Super Heroes 2 - Season Pass,-90%,"R$ 2,99",DLC
Batman: Arkham Origins Blackgate - Deluxe Edition,-85%,"R$ 13,49",Padrão
V Rising - Sinister Evolution,0,"R$ 32,99",DLC
Valhalla Hills: Fire Mountains DLC,0,"R$ 2,29",DLC
Metal Gear Rising - Revengeance,0,"R$ 49,99",Padrão
Cold Fear,-80%,"R$ 5,99",Padrão
Euro Truck Simulator 2 - Road to the Black Sea,0,"R$ 44,99",DLC
Assassin's Creed Valhalla - Deluxe Edition,-75%,"R$ 68,74",Padrão
MY HERO ONE'S JUSTICE 2 Deluxe Edition,-85%,"R$ 34,48",Padrão
Monster Hunter World: Iceborne Master Edition Deluxe,-50%,"R$ 74,99",Padrão
Mega Man Legacy Collection,-60%,"R$ 11,99",Padrão
Assassin’s Creed - Freedom Cry (Standalone),-75%,"R$ 11,24",Padrão
"Warhammer 40,000: Boltgun",-10%,"R$ 71,90",Padrão
F1 Manager 2022,0,"R$ 99,99",Padrão
Ducktales Remastered,-75%,"R$ 7,49",Padrão
Mafia: Trilogy,-60%,"R$ 111,96",Padrão
System Shock,-25%,"R$ 148,90",Pré-Venda
A Lenda do Herói - Edição Definitiva,0,"R$ 29,99",Padrão
Scooby Doo! & Looney Tunes Cartoon Universe: Adventure,-94%,"R$ 4,50",Padrão
Squad,-25%,"R$ 70,49",Padrão
Valhalla Hills: Sand of the Damned,0,"R$ 2,29",DLC
DRAGON BALL Z: KAKAROT - Deluxe Edition,-75%,"R$ 62,47",Padrão
Golf With Your Friends,0,"R$ 37,99",Padrão
Wolfenstein II: The New Colossus,-85%,"R$ 23,25",Padrão
Overcooked,0,"R$ 38,99",Padrão
LEGO DC Super-Villains Season Pass,-90%,"R$ 4,99",DLC
Batman: Arkham Knight Season Pass,-85%,"R$ 10,49",DLC
South Park: The Fractured but Whole - Gold Edition,-80%,"R$ 47,99",Padrão
The Last of Us - Part I,-10%,"R$ 223,99",Padrão
Dragon Ball Xenoverse 2,-85%,"R$ 32,23",Padrão
Assassin’s Creed Rogue,-70%,"R$ 17,99",Padrão
Assassin's Creed: Director's Cut Edition,-70%,"R$ 17,99",Padrão
Wartales,0,"R$ 129,99",Padrão
Enter the Gungeon,0,"R$ 46,99",Padrão
LEGO Marvel Vingadores,-90%,"R$ 8,99",Padrão
Wolfenstein 3D,-70%,"R$ 2,69",Padrão
Far Cry Primal: Digital Apex Edition,-75%,"R$ 26,24",Padrão
Euro Truck Simulator 2 - Beyond the Baltic Sea,0,"R$ 44,99",DLC
Worms Revolution Gold Edition,0,"R$ 45,99",Padrão
DOOM 3,-60%,"R$ 15,60",Padrão
Gotham Knights,-65%,"R$ 104,99",Padrão
Fallout 4 Season Pass,-65%,"R$ 36,74",DLC
Resident Evil Village Gold Edition,-40%,"R$ 101,94",Padrão
Assassin's Creed Valhalla - Complete Edition,-70%,"R$ 149,99",Padrão
Street Fighter - 30th Anniversary,-67%,"R$ 29,69",Padrão
Marvel vs. Capcom: Infinite Deluxe,-80%,"R$ 25,99",Padrão
Wolfenstein II: The New Colossus - Digital Deluxe Edition,-85%,"R$ 37,35",Padrão
Wolfenstein: Youngblood,-70%,"R$ 17,99",Padrão
Super Bomberman R,0,"R$ 150,00",Padrão
Rayman Legends,-80%,"R$ 17,99",Padrão
Assassin's Creed: Brotherhood,-70%,"R$ 17,99",Padrão
RAGE,-60%,"R$ 11,99",Padrão
Naruto Storm 4: Road to Boruto Expansion,-50%,"R$ 18,49",DLC
Enigma do Medo - Bundle do Detetive,-10%,"R$ 85,00",Pré-Venda
DOOM Eternal - Deluxe Edition - Steam,-67%,"R$ 82,17",Padrão
Far Cry New Dawn - Ultimate Bundle,-85%,"R$ 52,49",Padrão
American Truck Simulator: Enchanted Edition,0,"R$ 115,26",Padrão
GhostWire: Tokyo,-60%,"R$ 83,60",Padrão
Monster Hunter Rise,-55%,"R$ 62,95",Padrão
The Survivalists,0,"R$ 59,90",Padrão
Gato Roboto,0,"R$ 26,49",Padrão
Mega Man 11,-67%,"R$ 23,09",Padrão
Far Cry,-70%,"R$ 8,99",Padrão
Hogwarts Legacy,-10%,"R$ 224,99",Padrão
DOOM Eternal - Steam,-67%,"R$ 49,17",Padrão
Dead Cells,-40%,"R$ 28,49",Padrão
Prey,-75%,"R$ 22,49",Padrão
TEKKEN 7 - Definitive Edition,-85%,"R$ 79,43",Padrão
ONE PIECE: PIRATE WARRIORS 4 - Deluxe Edition,-85%,"R$ 59,23",Padrão
ONE PIECE WORLD SEEKER,-90%,"R$ 24,99",Padrão
Frostpunk,0,"R$ 88,99",Padrão
Injustice 2 - Standard Edition,-90%,"R$ 22,99",Padrão
Far Cry 5,-80%,"R$ 35,99",Padrão
Men of War,0,"R$ 16,99",Padrão
The Elder Scrolls V: Skyrim Anniversary Upgrade,-50%,"R$ 39,50",DLC
Gotham Knights - Deluxe Edition,-65%,"R$ 139,99",Padrão
Injustice 2 - Legendary Edition,-85%,"R$ 41,99",Padrão
Assassin’s Creed Rogue Deluxe Edition,-70%,"R$ 26,99",Padrão
Naruto Shippuden: Ultimate Ninja Storm 3 Full Burst,-75%,"R$ 19,97",Padrão
Crypt of the NecroDancer,0,"R$ 27,99",Padrão
MY HERO ONE'S JUSTICE 2,-85%,"R$ 23,98",Padrão
Euro Truck Simulator 2 - Heavy Cargo Pack,0,"R$ 12,49",DLC
Euro Truck Simulator 2 - Scandinavia,0,"R$ 44,99",DLC
Dishonored: Definitive Edition,-75%,"R$ 14,99",Padrão
Enigma do Medo,-9%,"R$ 49,99",Pré-Venda
Euro Truck Simulator 2 - Special Transport,0,"R$ 12,19",DLC
LEGO Marvel Super Heroes 2,-90%,"R$ 8,99",Padrão
South Park: The Fractured but Whole,-80%,"R$ 29,99",Padrão
Hotline Miami 2: Wrong Number,0,"R$ 46,99",Padrão
Resident Evil Village,-50%,"R$ 69,95",Padrão
MONOPOLY PLUS,-60%,"R$ 17,99",Padrão
The Escapists 2,0,"R$ 59,99",Padrão
Dishonored,-75%,"R$ 7,49",Padrão
Enigma do Medo - Bundle do Medo,-12%,"R$ 105,00",Pré-Venda
Tom Clancy's Ghost Recon Breakpoint,-80%,"R$ 35,80",Padrão
DRAGON BALL FighterZ,-85%,"R$ 22,48",Padrão
LEGO Star Wars: The Force Awakens - Season Pass,-94%,"R$ 2,00",DLC
Batman Arkham Asylum GOTY,-85%,"R$ 13,49",Padrão
ULTIMATE MARVEL VS. CAPCOM 3,-70%,"R$ 16,49",Padrão
Dishonored 2,-80%,"R$ 17,99",Padrão
Assassin’s Creed Syndicate,-75%,"R$ 22,49",Padrão
South Park: The Stick of Truth,-75%,"R$ 22,49",Padrão
Euro Truck Simulator 2 - Cabin Accessories,0,"R$ 11,49",DLC
DRAGON BALL FighterZ - FighterZ Edition,-85%,"R$ 35,98",Padrão
Accel World VS. Sword Art Online Deluxe Edition,-80%,"R$ 18,19",Padrão
One Piece Pirate Warriors 3 - Gold Edition,-85%,"R$ 15,59",Padrão
Middle-earth Shadow of Mordor - GOTY Edition Upgrade,-75%,"R$ 4,99",DLC
The Elder Scrolls V: Skyrim Anniversary Edition,-60%,"R$ 71,60",Padrão
Watch_Dogs 2: Deluxe Edition,-85%,"R$ 26,99",Padrão
Resident Evil: Revelations 2 Deluxe Edition,-60%,"R$ 29,99",Padrão
ONE PIECE WORLD SEEKER - Deluxe Edition,-90%,"R$ 34,99",Padrão
Assassin's Creed: Origins,-85%,"R$ 26,99",Padrão
Assassin's Creed: Odyssey - Ultimate Edition,-80%,"R$ 65,99",Padrão
Mega Man X Legacy Collection 2,-60%,"R$ 15,99",Padrão
Witch It,0,"R$ 59,99",Padrão
Hatred,0,"R$ 17,99",Padrão
METAL GEAR SURVIVE,0,"R$ 79,99",Padrão
Silence,0,"R$ 37,99",Padrão
Euro Truck Simulator 2 - Wheel Tuning Pack,0,"R$ 6,49",DLC
The Evil Within Season Pass,-60%,"R$ 11,99",DLC
Xbox Game Pass Ultimate - 3 Meses,0,"R$ 134,99",Padrão
RAGE: The Scorchers,-60%,"R$ 3,59",DLC
Hogwarts Legacy - Deluxe Edition,-10%,"R$ 269,98",Padrão
Watch Dogs Legion - Ultimate Edition,-80%,"R$ 79,99",Padrão
Watch Dogs Legion - Deluxe Edition,-85%,"R$ 41,24",Padrão
Planet Zoo - Deluxe Edition,0,"R$ 108,99",Padrão
Assassin's Creed: Revelations Gold Edition,-67%,"R$ 29,69",Padrão
Aspire: Ina's Tale,-80%,"R$ 5,79",Padrão
Townscaper,-30%,"R$ 8,67",Padrão
The Suicide of Rachel Foster,0,"R$ 49,99",Padrão
Digimon Story Cyber Sleuth: Complete Edition,-75%,"R$ 32,49",Padrão
Post Scriptum,-75%,"R$ 14,72",Padrão
Marvel vs. Capcom: Infinite,-80%,"R$ 17,99",Padrão
The Escapists + The Escapists: The Walking Dead Deluxe Bundle,0,"R$ 45,99",Padrão
Fallout: A Post Nuclear Role Playing Game,-75%,"R$ 4,99",Padrão
Fallout Tactics: Brotherhood of Steel,-75%,"R$ 4,99",Padrão
QUAKE III Arena + Team Arena,-60%,"R$ 13,19",Padrão
Pacote Black Legends,-85%,"R$ 71,99",Pacote
Alien Breed: Trilogy,0,"R$ 39,99",Pacote
Destiny 2: Lightfall + Annual Pass,-33%,"R$ 200,99",DLC
Destiny 2: Bungie 30th Anniversary Pack,-50%,"R$ 37,49",DLC
ONE PUNCH MAN: A HERO NOBODY KNOWS - DELUXE EDITION,-90%,"R$ 22,99",Padrão
Contra Anniversary Collection,0,"R$ 79,00",Padrão
Assassin's Creed: Origins - Gold Edition,-80%,"R$ 59,99",Padrão
One Piece: Burning Blood - Gold Edition,-85%,"R$ 32,98",Padrão
Tom Clancy's Splinter Cell: Conviction Deluxe Edition,-75%,"R$ 14,99",Padrão
Miasma Chronicles,-13%,"R$ 129,99",Padrão
Riders Republic,-75%,"R$ 62,47",Padrão
Golf Club Wasteland,-80%,"R$ 4,13",Padrão
Don't Starve Together,0,"R$ 27,99",Padrão
Horizon Chase Turbo,0,"R$ 49,99",Padrão
SUPER DRAGON BALL HEROES WORLD MISSION,-90%,"R$ 19,99",Padrão
Metal Gear Solid V: The Phantom Pain,0,"R$ 129,99",Padrão
NecroVisioN,0,"R$ 16,99",Padrão
Dead Rising 2,-70%,"R$ 10,49",Padrão
Assassin's Creed Valhalla - Season Pass,-60%,"R$ 63,99",DLC
Euro Truck Simulator 2 - Mighty Griffin Tuning Pack,0,"R$ 9,99",DLC
Euro Truck Simulator 2 - Schwarzmüller Trailer Pack,0,"R$ 6,29",DLC
Euro Truck Simulator 2 - Prehistoric Paint Jobs Pack,0,"R$ 4,49",DLC
Immortals Fenyx Rising -  Gold Edition,-80%,"R$ 69,99",Padrão
Far Cry 5 – Gold Edition,-80%,"R$ 51,99",Padrão
Kingdom Two Crowns: Norse Lands Edition,-60%,"R$ 18,89",Padrão
Worms Rumble - Deluxe Edition,0,"R$ 54,49",Padrão
Castlevania Anniversary Collection,0,"R$ 119,00",Padrão
Sword Art Online: Hollow Realization Deluxe Edition,-80%,"R$ 18,19",Padrão
Mortal Kombat X - Premium Edition,-85%,"R$ 25,34",Padrão
Worms Ultimate Mayhem Deluxe Edition,0,"R$ 31,99",Padrão
Police Stories,-70%,"R$ 17,99",Padrão
Stranded: Alien Dawn,-15%,"R$ 86,49",Padrão
Far Cry 6,-75%,"R$ 62,49",Padrão
Outer Wilds,-40%,"R$ 35,99",Padrão
Scott Pilgrim vs. The World: The Game - Complete Edition,-67%,"R$ 19,79",Padrão
TOKYO GHOUL:re [CALL to EXIST],-90%,"R$ 15,99",Padrão
Far Cry Primal,-75%,"R$ 22,49",Padrão
Watch Dogs,-75%,"R$ 22,49",Padrão
Tom Clancy's Rainbow Six Vegas,-75%,"R$ 7,49",Padrão
Tom Clancy's Splinter Cell Blacklist,-75%,"R$ 22,49",Padrão
Tom Clancy's Rainbow Six Vegas 2,-75%,"R$ 7,49",Padrão
Monster Hunter Rise: Sunbreak,-32%,"R$ 114,68",DLC
Euro Truck Simulator 2 - Viking Legends,0,"R$ 4,49",DLC
EA - Gift Card Digital R$125,0,"R$ 125,00",Padrão
Crunchyroll Mega Fan - 12 Meses,0,"R$ 199,99",Padrão
DEVIL MAY CRY 5 DELUXE + VERGIL,-50%,"R$ 59,99",Padrão
Tom Clancy's Ghost Recon Breakpoint - Deluxe Edition,-80%,"R$ 41,99",Padrão
Tom Clancy's Ghost Recon Breakpoint - Ultimate Edition,-80%,"R$ 71,99",Padrão
Far Cry New Dawn - Deluxe Edition,-80%,"R$ 29,99",Padrão
NARUTO TO BORUTO - SHINOBI STRIKER Deluxe Edition,-90%,"R$ 23,99",Padrão
F.E.A.R. - Ultimate Shooter Edition,0,"R$ 16,99",Padrão
Wolcen: Lords of Mayhem,0,"R$ 75,49",Padrão
Shift Happens,0,"R$ 46,99",Padrão
Conan Exiles,-50%,"R$ 49,74",Padrão
Candle,0,"R$ 18,99",Padrão
Mother Russia Bleeds,0,"R$ 46,99",Padrão
Watch_Dogs 2,-85%,"R$ 22,49",Padrão
Fallout 2: A Post Nuclear Role Playing Game,-75%,"R$ 4,99",Padrão
Dragon Ball Xenoverse,-85%,"R$ 11,99",Padrão
Worms Revolution,0,"R$ 27,99",Padrão
Resident Evil Village - Winters' Expansion,-25%,"R$ 50,17",DLC
American Truck Simulator - Special Transport,0,"R$ 12,19",DLC
Far Cry 6 - Gold Edition,-75%,"R$ 87,49",Padrão
Destiny 2: Legacy Collection,-50%,"R$ 74,99",Padrão
Pilgrims,0,"R$ 13,99",Padrão
Sword Art Online Re: Hollow Fragment,-75%,"R$ 9,49",Padrão
For Honor: Starter Edition,-60%,"R$ 17,99",Padrão
The Crew 2,-80%,"R$ 29,99",Padrão
Remember Me,-80%,"R$ 9,99",Padrão
Destiny 2: Lightfall,-40%,"R$ 89,99",DLC
Euro Truck Simulator 2 - Pirate Paint Jobs Pack,0,"R$ 4,29",DLC
Tom Clancy's Ghost Recon Wildlands Ultimate Edition,-80%,"R$ 65,99",Padrão
Watch_Dogs 2: Gold Edition,-85%,"R$ 38,99",Padrão
LEGO Star Wars™: The Skywalker Saga,-60%,"R$ 79,99",Padrão
Watch Dogs Legion,-85%,"R$ 37,49",Padrão
Greak: Memories of Azur,0,"R$ 59,99",Padrão
NARUTO TO BORUTO: SHINOBI STRIKER,-90%,"R$ 13,99",Padrão
Tom Clancy’s The Division 1 - Edição Standard,-85%,"R$ 17,99",Padrão
Scania Truck Driving Simulator,0,"R$ 19,99",Padrão
Rocket Knight,0,"R$ 16,99",Padrão
Max Payne 2: The Fall of Max Payne,0,"R$ 14,99",Padrão
NARUTO SHIPPUDEN: Ultimate Ninja STORM Trilogy,-75%,"R$ 40,14",Pacote
Injustice 2 - Ultimate Pack,-90%,"R$ 19,99",DLC
EA - Gift Card Digital R$299,0,"R$ 299,00",Padrão
Worms Reloaded - Game of the Year Edition,0,"R$ 45,99",Padrão
Gauntlet Slayer Edition,-80%,"R$ 17,99",Padrão
Batman - The Telltale Series,-50%,"R$ 14,49",Padrão
Florence,-66%,"R$ 5,94",Padrão
World War Z: Aftermath,0,"R$ 75,49",Padrão
CONTRA: ROGUE CORPS,0,"R$ 159,90",Padrão
Devolver Bootleg,0,"R$ 10,89",Padrão
iO,-90%,"R$ 1,59",Padrão
Steep,-85%,"R$ 13,49",Padrão
Worms W.M.D,0,"R$ 79,90",Padrão
Star Wars: Knights of the Old Republic II - The Sith Lords,0,"R$ 19,99",Padrão
Skyhill,0,"R$ 26,69",Padrão
Star Wars: Knights of the Old Republic,0,"R$ 20,69",Padrão
Quake IV,-67%,"R$ 10,88",Padrão
Watch Dogs - Complete Edition,-75%,"R$ 37,49",Pacote
Horizon Chase Turbo - Summer Vibes,0,"R$ 5,49",DLC
Conan Exiles: Isle of Siptah,-20%,"R$ 39,99",DLC
Assassin’s Creed Origins - Season Pass,-70%,"R$ 35,99",DLC
American Truck Simulator - Wheel Tuning Pack,0,"R$ 6,49",DLC
Euro Truck Simulator 2 - Force of Nature Paint Jobs Pack,0,"R$ 4,49",DLC
Okami HD,-50%,"R$ 19,99",Padrão
PLANET ALPHA,0,"R$ 37,99",Padrão
Holy Potatoes! What the Hell?!,0,"R$ 10,99",Padrão
Hard West,-90%,"R$ 3,69",Padrão
Dead Rising 3 - Apocalypse Edition,-70%,"R$ 25,49",Padrão
I Am Alive,-75%,"R$ 11,24",Padrão
Assassin's Creed: Revelations,-70%,"R$ 17,99",Padrão
Dragon Ball Xenoverse - Bundle,-85%,"R$ 18,89",Pacote
Blackguards Franchise Bundle,0,"R$ 28,99",Pacote
DRAGON BALL FighterZ - FighterZ Pass 3,-50%,"R$ 39,95",DLC
DOOM Eternal Year One Pass,-60%,"R$ 47,60",DLC
Destiny 2: Pacote de Renegados,-60%,"R$ 15,19",DLC
Assassin's Creed: Odyssey - Season Pass,-60%,"R$ 39,99",DLC
American Truck Simulator - New Mexico,0,"R$ 31,99",DLC
American Truck Simulator - Heavy Cargo Pack,0,"R$ 12,19",DLC
Cities: Skylines - Snowfall,-75%,"R$ 10,49",DLC
Cities: Skylines - After Dark,-75%,"R$ 11,74",DLC
Euro Truck Simulator 2 - Flip Paint Designs,0,"R$ 4,49",DLC
Euro Truck Simulator 2: Halloween Paint Jobs Pack,0,"R$ 4,49",DLC
The Last of Us - Part I - Digital Deluxe Edition,-10%,"R$ 268,90",Padrão
Destiny 2: The Witch Queen,-50%,"R$ 44,99",DLC
Elypse,0,"R$ 46,99",Padrão
EA - Gift Card Digital R$55,0,"R$ 55,00",Padrão
Riders Republic - Deluxe Edition,-75%,"R$ 79,99",Padrão
Riders Republic - Ultimate Edition,-75%,"R$ 99,99",Padrão
LEGO Star Wars™: The Skywalker Saga Deluxe Edition,-60%,"R$ 99,99",Padrão
Castlevania Advance Collection,0,"R$ 99,00",Padrão
Jurassic World Evolution 2 - Deluxe Edition,0,"R$ 127,99",Padrão
World War Z: Aftermath - Deluxe Edition,0,"R$ 94,49",Padrão
Sid Meier’s Civilization VI Anthology,0,"R$ 230,99",Padrão
Holy Potatoes! A Weapon Shop?! - DLC Bundle,0,"R$ 23,99",Padrão
Assassin’s Creed Syndicate - Gold Edition,-75%,"R$ 44,99",Padrão
Far Cry 4 - Gold Edition,-75%,"R$ 44,99",Padrão
Transport Fever 2,-50%,"R$ 53,99",Padrão
Returnal,-14%,"R$ 214,91",Padrão
Broken Sword 2 - the Smoking Mirror: Remastered,-80%,"R$ 1,99",Padrão
Broken Sword 3 - the Sleeping Dragon,-80%,"R$ 1,99",Padrão
QUAKE,-60%,"R$ 11,99",Padrão
Children of Morta,0,"R$ 47,49",Padrão
Phoenix Wright: Ace Attorney Trilogy,-55%,"R$ 31,49",Padrão
EA - Gift Card Digital R$79,0,"R$ 79,00",Padrão
Far Cry 6 - Game of the Year Edition,-70%,"R$ 119,99",Padrão
Ghostwire: Tokyo Deluxe Edition,-60%,"R$ 111,60",Padrão
Monster Hunter Rise - Deluxe Edition,-50%,"R$ 84,12",Padrão
The Crew 2 - Special Edition,-80%,"R$ 35,99",Padrão
Back 4 Blood Deluxe,-85%,"R$ 62,99",Padrão
Going Under - Deluxe Edition,0,"R$ 71,98",Padrão
Serious Sam 4 Deluxe Edition,0,"R$ 93,99",Padrão
Assassin's Creed: Odyssey - Gold Edition,-80%,"R$ 59,99",Padrão
Broken Sword: Director's Cut,-80%,"R$ 1,69",Padrão
Journey,-50%,"R$ 19,99",Padrão
ONE PUNCH MAN: A HERO NOBODY KNOWS,-90%,"R$ 15,99",Padrão
Yooka-Laylee and the Impossible Lair,0,"R$ 57,99",Padrão
Holy Potatoes! A Spy Story?!,0,"R$ 18,99",Padrão
Dungeon Rushers,-90%,"R$ 2,79",Padrão
Street Fighter V,0,"R$ 39,99",Padrão
One Piece Pirate Warriors 3,-85%,"R$ 11,99",Padrão
Zombi,-75%,"R$ 14,99",Padrão
Valiant Hearts: The Great War,-75%,"R$ 11,24",Padrão
Munin,0,"R$ 10,49",Padrão
The Wild Eight,-85%,"R$ 11,99",Padrão
Age of Wonders 4,0,"R$ 165,99",Padrão
Batman - The Enemy Within - The Telltale Series,-50%,"R$ 14,49",Padrão
Immortals Fenyx Rising,-80%,"R$ 49,98",Padrão
Broken Sword 4 - the Angel of Death,-80%,"R$ 3,99",Padrão
One Step From Eden,0,"R$ 37,99",Padrão
Golf Gang,0,"R$ 29,99",Padrão
What Remains of Edith Finch,-70%,"R$ 14,99",Padrão
Samorost 2,0,"R$ 10,99",Padrão
MechWarrior 5: Mercenaries,-50%,"R$ 28,99",Padrão
Narita Boy,0,"R$ 74,99",Padrão
Going Under,0,"R$ 59,99",Padrão
Rogue Heroes: Ruins of Tasos,0,"R$ 59,99",Padrão
Creaks,0,"R$ 44,99",Padrão
Skelattack,0,"R$ 89,90",Padrão
Neon Abyss,0,"R$ 59,99",Padrão
Monster Train,-75%,"R$ 11,87",Padrão
No Man's Sky,0,"R$ 162,00",Padrão
Black Future '88,-80%,"R$ 7,59",Padrão
Barotrauma,0,"R$ 99,99",Padrão
Cities: Skylines - Deluxe Edition,-70%,"R$ 32,39",Padrão
The Escapists,0,"R$ 47,49",Padrão
Quake II,-60%,"R$ 7,19",Padrão
LOST PLANET 3,-80%,"R$ 9,19",Padrão
Tom Clancy's Ghost Recon Breakpoint - Year 1 Pass,-65%,"R$ 41,99",DLC
Children of Morta: Paws and Claws,0,"R$ 4,49",DLC
Golf With Your Friends - Caddy Pack,0,"R$ 4,49",DLC
Planet Coaster - Magnificent Rides Collection,0,"R$ 21,99",DLC
Dead Cells: The Bad Seed,-40%,"R$ 6,53",DLC
American Truck Simulator - Washington,0,"R$ 31,99",DLC
South Park: The Fractured but Whole - SEASON PASS,-80%,"R$ 17,99",DLC
FOR HONOR Year 1 Heroes Bundle,-70%,"R$ 26,99",DLC
Naruto Shippuden: Ultimate Ninja Storm 4 - Season Pass,-50%,"R$ 24,95",DLC
Euro Truck Simulator 2 - Christmas Paint Jobs Pack,0,"R$ 4,49",DLC
BioShock Infinite Season Pass,-75%,"R$ 7,49",DLC
Bioshock Infinite: Columbia’s Finest,-75%,"R$ 1,99",DLC
Hi-Fi Rush Deluxe Edition,-15%,"R$ 122,40",Padrão
Elden Ring Deluxe Edition,-10%,"R$ 293,69",Padrão
Assassin's Creed: Origins - Deluxe Edition,-80%,"R$ 41,99",Padrão
Euro Truck Simulator 2: Gold Edition,0,"R$ 64,99",Padrão
Pokémon Sword Expansion Pass,0,"R$ 149,00",DLC
Monster Hunter World: Iceborne - Deluxe Edition,-50%,"R$ 54,99",DLC
Cities: Skylines - Parklife,-75%,"R$ 11,74",DLC
American Truck Simulator - Oregon,0,"R$ 31,99",DLC
Dragon Ball Xenoverse 2 - Super Pass,-50%,"R$ 63,72",DLC
Fallout 4 - Contraptions Workshop,-60%,"R$ 5,99",DLC
Fallout 4 - Wasteland Workshop,-60%,"R$ 6,32",DLC
Euro Truck Simulator 2: Ice Cold Paint Jobs Pack,0,"R$ 4,49",DLC
Assassin's Creed Valhalla - Ragnarök Edition,-70%,"R$ 110,99",Padrão
Far Cry 6 - Deluxe Edition,-75%,"R$ 78,74",Padrão
Riders Republic - Gold Edition,-75%,"R$ 87,49",Padrão
Marvel's Midnight Suns - Legendary Edition - Steam,-50%,"R$ 249,75",Padrão
Watch Dogs Legion - Gold Edition,-80%,"R$ 69,99",Padrão
The Crew 2 - New Gold Edition,-80%,"R$ 51,99",Padrão
Overcooked! All You Can Eat,0,"R$ 120,00",Padrão
Ragnarök - Pacote de 4.000 ROPS,0,"R$ 7,90",Padrão
RollerCoaster Tycoon 3: Complete Edition,0,"R$ 37,99",Padrão
Dead Island Definitive Edition,0,"R$ 34,99",Padrão
ARMORED CORE VI FIRES OF RUBICON,-10%,"R$ 229,99",Pré-Venda
Seraph's Last Stand,0,"R$ 2,07",Padrão
ARK: Survival Evolved,0,"R$ 37,99",Padrão
Dome Keeper,-25%,"R$ 29,99",Padrão
911 Operator,-80%,"R$ 5,59",Padrão
Potion Permit,0,"R$ 49,99",Padrão
Marvel's Spider-Man: Miles Morales,0,"R$ 199,90",Padrão
DayZ,0,"R$ 119,99",Padrão
Donut County,-70%,"R$ 10,49",Padrão
"Warhammer 40,000: Chaos Gate - Daemonhunters",0,"R$ 84,99",Padrão
Beyond The Wire,-75%,"R$ 16,49",Padrão
Atomicrops,-60%,"R$ 18,79",Padrão
Heave Ho,0,"R$ 32,99",Padrão
Kao the Kangaroo: Round 2,0,"R$ 4,49",Padrão
Pax Nova,0,"R$ 73,99",Padrão
Bionic Commando Rearmed,-80%,"R$ 3,39",Padrão
Planet Coaster,0,"R$ 81,99",Padrão
NARUTO: Ultimate Ninja STORM,-75%,"R$ 19,97",Padrão
Fallout 4 VR,-75%,"R$ 49,99",Padrão
Holy Potatoes! A Weapon Shop?!,0,"R$ 18,99",Padrão
For Honor,-75%,"R$ 22,49",Padrão
Umbrella Corps: Deluxe Edition,-75%,"R$ 13,74",Padrão
Far Cry New Dawn,-80%,"R$ 25,99",Padrão
DEADRISING 4,-75%,"R$ 17,49",Padrão
Zone of the Enders: 2nd Runner: MARS,0,"R$ 149,90",Padrão
"Warhammer 40,000: Mechanicus - Omnissiah Edition",-75%,"R$ 17,25",Padrão
Absolver,0,"R$ 88,99",Padrão
Dishonored: Death of the Outsider,-80%,"R$ 17,99",Padrão
Batman: Arkham VR,-85%,"R$ 13,49",Padrão
Resident Evil 7 biohazard,-60%,"R$ 27,99",Padrão
Umbrella Corps,-75%,"R$ 9,99",Padrão
Worms World Party Remastered,0,"R$ 27,99",Padrão
Fire!,0,"R$ 19,99",Padrão
1954 Alcatraz,0,"R$ 19,99",Padrão
Child of Light,-70%,"R$ 13,49",Padrão
Rayman Origins,-70%,"R$ 17,99",Padrão
Tom Clancy's Splinter Cell,-75%,"R$ 7,49",Padrão
Grand Theft Auto V: Premium Online Edition,0,"R$ 82,42",Pacote
DRAGON BALL FighterZ - FighterZ Pass 2,-50%,"R$ 49,95",DLC
Dead Cells - The Queen and the Sea,-20%,"R$ 8,71",DLC
Dead Cells: Fatal Falls,-30%,"R$ 7,62",DLC
Conan Exiles - Debaucheries of Derketo Pack,-25%,"R$ 18,74",DLC
Planet Coaster - Classic Rides Collection,0,"R$ 21,99",DLC
Planet Coaster - Vintage Pack,0,"R$ 21,99",DLC
"Warhammer 40,000: Mechanicus - Heretek",-50%,"R$ 9,50",DLC
Frostpunk - Season Pass,0,"R$ 78,02",DLC
Overcooked! 2 - Season Pass,0,"R$ 37,99",DLC
Overcooked! 2 - Surf 'n' Turf,0,"R$ 12,39",DLC
Watch_Dogs® 2 - Season Pass,-85%,"R$ 17,99",DLC
Injustice 2 - Fighter Pack 2,-85%,"R$ 7,49",DLC
The Escapists 2 - Season Pass,0,"R$ 19,99",DLC
Fallout 4 - Vault-Tec Workshop,-60%,"R$ 5,99",DLC
The Escapists - Alcatraz,0,"R$ 4,29",DLC
Assassin's Creed Syndicate - Season Pass,-75%,"R$ 22,49",DLC
Worms Revolution: Funfair,0,"R$ 10,49",DLC
Worms Revolution: Mars Pack,0,"R$ 10,49",DLC
Worms Revolution: Medieval Tales,0,"R$ 10,49",DLC
The Evil Within - The Consequence,0,"R$ 17,99",DLC
Far Cry 4 - Season Pass,-70%,"R$ 26,99",DLC
Watch Dogs Season Pass,-75%,"R$ 14,99",DLC
F.E.A.R. 2: Reborn,0,"R$ 16,99",DLC
ARMORED CORE VI FIRES OF RUBICON - Deluxe Edition,-10%,"R$ 269,49",Pré-Venda
Assassin’s Creed Chronicles: Russia,-70%,"R$ 8,99",Padrão
Anna's Quest,0,"R$ 36,99",Padrão
A New Beginning,0,"R$ 16,99",Padrão
Rogue Warrior,-60%,"R$ 7,19",Padrão
Blackguards - Deluxe Edition,0,"R$ 23,99",Padrão
Cities: Skylines,-70%,"R$ 26,69",Padrão
LUFTRAUSERS,0,"R$ 16,99",Padrão
Assassin’s Creed Chronicles: China,-70%,"R$ 8,99",Padrão
Blackguards 2,0,"R$ 18,99",Padrão
STRIDER,-70%,"R$ 7,49",Padrão
Necrovision: Lost Company,0,"R$ 23,50",Padrão
Brothers in Arms Hell's Highway,-60%,"R$ 11,99",Padrão
Tom Clancy's Splinter Cell: Double Agent,-75%,"R$ 7,49",Padrão
Rain World: Downpour,0,"R$ 46,99",DLC
LEGO Star Wars™: The Skywalker Saga Character Collection,-60%,"R$ 19,99",DLC
Children of Morta: Ancient Spirits,0,"R$ 10,89",DLC
Conan Exiles - Architects of Argos Pack,-25%,"R$ 18,74",DLC
Destiny 2: Além da Luz,-60%,"R$ 35,99",DLC
Crypt of the NecroDancer: AMPLIFIED,0,"R$ 13,99",DLC
UNO - Flip Theme,-40%,"R$ 8,99",DLC
